Domain,Hierarchy,Themes
Altered Sense of Reality,-,Active Imagination
Altered Sense of Reality,Surreal,Blurred Boundary Between Dream and Reality
Altered Sense of Reality,Active Imagination,Creates Stories
Altered Sense of Reality,-,Daydreams
Altered Sense of Reality,-,Déjà Vu
Altered Sense of Reality,-,Dissociation
Altered Sense of Reality,Surreal,Doubts Reality of Memories
Altered Sense of Reality,-,Dreams
Altered Sense of Reality,-,Existentialism
Altered Sense of Reality,Active Imagination,Imaginary Friend
Altered Sense of Reality,-,Perceived Time Distortion
Altered Sense of Reality,-,Poor Memory
Altered Sense of Reality,Dreams,Precognitive Dreams
Altered Sense of Reality,Existentialism,Questions Existence of Self
Altered Sense of Reality,Existentialism,Questions Existence of World
Altered Sense of Reality,-,Surreal
Altered Sense of Reality,-,Zones Out
Change,-,Always Experienced
Change,-,Better Recently
Change,-,Has Become Used to Experience
Change,-,Worse Recently
Consistent with Norms,Experience Inconsistent with Others/Belief Inconsistent with Others,Belief Inconsistent with Family
Consistent with Norms,Experience Inconsistent with Others,Belief Inconsistent with Others
Consistent with Norms,-,Conviction Consistent with Others
Consistent with Norms,Experience Inconsistent with Others,Conviction Inconsistent with Others
Consistent with Norms,-,Culturally Normative
Consistent with Norms,-,Experience Inconsistent with Others
Consistent with Norms,-,Familial Beliefs
Consistent with Norms,-,Typical Experience
Consistent with Norms,Typical Experience,Typical Teenage Experience
External Influences on Mental Health,-,Based on Actions of Others
External Influences on Mental Health,-,Based on Past Experiences
External Influences on Mental Health,-,Current Affairs
External Influences on Mental Health,Real Stressor Present,Difficult Home Environment
External Influences on Mental Health,Current Affairs,Impacted by Media
External Influences on Mental Health,-,Real Stressor Present
External Influences on Mental Health,-,Trauma
External Influences on Mental Health,-,Unsupported by Others
Influential Beliefs,Beliefs About Symptoms,Adaptive
Influential Beliefs,-,Beliefs About Others
Influential Beliefs,-,Beliefs About Self
Influential Beliefs,-,Beliefs About Symptoms
Influential Beliefs,Beliefs About Symptoms,Benefits from Experience
Influential Beliefs,Religiosity,Christianity
Influential Beliefs,Beliefs About Symptoms,Controllable
Influential Beliefs,-,Cultural Beliefs
Influential Beliefs,Beliefs About Self,Deserves to be Punished
Influential Beliefs,Beliefs About Self,Guilt
Influential Beliefs,-,Moral Beliefs
Influential Beliefs,Beliefs About Others,Negative Perceptions of Others
Influential Beliefs,Beliefs About Self,Negative Self-Referential Thoughts
Influential Beliefs,-,Political Beliefs
Influential Beliefs,Political Beliefs,Progressive
Influential Beliefs,-,Religiosity
Influential Beliefs,Beliefs About Self,Self-Referential Interpretation
Influential Beliefs,-,Social Justice Beliefs
Influential Beliefs,Beliefs About Self,Unique
Interpersonal Dynamics,-,Difficulty with Interpersonal Relationships
Interpersonal Dynamics,Difficulty with Interpersonal Relationships,Feels Judged
Interpersonal Dynamics,-,Impacts Interpersonal Relationships
Interpersonal Dynamics,Impacts Interpersonal Relationships,Noticeable to Others
Interpersonal Dynamics,Social Isolation,Self-Isolating
Interpersonal Dynamics,-,Social Isolation
Sensory Experiences,Voice,Commanding
Mind and Thought Disturbances,-,Compulsions
Mind and Thought Disturbances,-,Ideas of Reference
Mind and Thought Disturbances,-,Intrusive Thoughts
Mind and Thought Disturbances,-,Mind Reading
Mind and Thought Disturbances,-,Perceived External Influence on Mind
Sensory Experiences,-,Voice
Perplexing Experiences,Intuition/Negative Gut Feeling,Catastrophizing
Perplexing Experiences,Experiential Ambiguity,Difficulty Differentiating Emotions
Perplexing Experiences,-,Experiential Ambiguity
Perplexing Experiences,Intuition,Interpersonal Intuition
Perplexing Experiences,-,Intuition
Perplexing Experiences,Intuition,Negative Gut Feeling
Perplexing Experiences,-,Ominous
Perplexing Experiences,Experiential Ambiguity,Vague Threat
Persecutory Ideas of Reference,-,Feels Watched
Persecutory Ideas of Reference,-,Paranoia
Responses/Consequences,-,Affects Behavior
Responses/Consequences,Affects Behavior,Affects Focus
Responses/Consequences,Somatic/Physical Symptoms,Affects Sleep
Responses/Consequences,Emotional Response,Anxiety
Responses/Consequences,Emotional Response/Self-Conscious,Body Image
Responses/Consequences,Distress,Bothers
Responses/Consequences,Emotional Response,Confusion
Responses/Consequences,Affects Behavior,Discusses with Others
Responses/Consequences,Affects Behavior,Doesn't Discuss with Others
Responses/Consequences,-,Emotional Response
Responses/Consequences,Affects Behavior,Engaged in Reality Testing
Responses/Consequences,Emotional Response,Fear
Responses/Consequences,Distress,No Bother
Responses/Consequences,Emotional Response,Self-Conscious
Responses/Consequences,Emotional Response/Anxiety,Social Anxiety
Responses/Consequences,-,Somatic/Physical Symptoms
Responses/Consequences,Affects Behavior,Vigilance
Self Originated Influences,Related to Mental Health Diagnosis,Due to Anxiety
Self Originated Influences,-,Due to Medical Condition
Self Originated Influences,Related to Mental Health Diagnosis/Anxiety,Health Anxiety
Self Originated Influences,-,Personality Trait/Temperament
Self Originated Influences,-,Related to Mental Health Diagnosis
Self Originated Influences,Worse With Dysregulated Emotions,Stress-Induced
Self Originated Influences,-,Worse with Dysregulated Emotions
Specificity,Conditional/In Specific Environments,At Home
Specificity,Conditional/At Specific Time,At Night
Specificity,Conditional/In Specific Environments,At School
Specificity,Conditional,At Specific Time
Specificity,-,Conditional
Specificity,Conditional/At Specific Time/Sleep,During Sleep
Specificity,Conditional/At Specific Time/Sleep,Hypnagogic/Hypnapompic
Specificity,Conditional/In Specific Environments,In Public
Specificity,Conditional,In Specific Environments
Specificity,Conditional/At Specific Time,Sleep
Specificity,-,Unclear Cause or Maintaining Factors
Specificity,-,Unclear Conviction
Specificity,Conditional/At Specific Time,When Alone
Specificity,Conditional,With Specific People
Specificity,-,Poor Recall of Experiences
Strategies and Protective Factors,-,Help-Seeking
Strategies and Protective Factors,-,Insight
Strategies and Protective Factors,Help-Seeking,Seeks Support from Parents
Strategies and Protective Factors,-,Uses Coping Strategies
Unconventional Beliefs,Unconventional Beliefs,Alternative Religious Beliefs
Unconventional Beliefs,Unconventional Experiences/Abilities,Clairvoyant
Unconventional Beliefs,Unconventional Experiences/Abilities,Foresight
Unconventional Beliefs,Unconventional Beliefs,Fringe Scientific Beliefs
Unconventional Beliefs,Unconventional Beliefs/Superstitious,Karma
Unconventional Beliefs,Unconventional Beliefs,Paranormal Beliefs
Unconventional Beliefs,Unconventional Beliefs,Particular Interests/Beliefs
Unconventional Beliefs,Unconventional Beliefs/Supernatural Beliefs,Signs
Unconventional Beliefs,Unconventional Beliefs,Supernatural Beliefs
Unconventional Beliefs,Unconventional Beliefs,Superstitious
Unconventional Beliefs,-,Unconventional Attribution
Unconventional Beliefs,-,Unconventional Beliefs
Unconventional Beliefs,-,Unconventional Experiences/Abilities
Responses/Consequences,-,Distress
Influential Beliefs,Beliefs About Symptoms,Uncontrollable
Strategies and Protective Factors,Help-Seeking,Mental Health Care
Strategies and Protective Factors,Help-Seeking,Seeks Social Support
Self Originated Influences,Related to Mental Health Diagnosis,Due to Neurodivergence
